No,ID Stasiun,Waktu,PM 10,PM 2.5,SO2,CO,O3,NO2,VOC,Wind Speed,Wind Direction,Humidity,Temperature,Pressure,Solar Radiation,Rain Intensity
1,CILEGON_PCI,2022-09-09 14:30:00,14,15,21,0,59,0,0,0,228,61,28,1011.95,292,0
2,CILEGON_PCI,2022-09-09 14:00:00,16,19,19,0,62,0,0,0,225,64,27.2,1012.36,195,0
3,CILEGON_PCI,2022-09-09 13:30:00,15,18,21,0,65,0,0,0,247,57,28.9,1013.07,37,0
4,CILEGON_PCI,2022-09-09 13:00:00,15,19,17,0,74,14,0,0,171,54,31,1013.24,306,0
5,CILEGON_PCI,2022-09-09 12:30:00,14,18,15,0,80,19,0,0,60,55,30.7,1013.41,271,0
6,CILEGON_PCI,2022-09-09 12:00:00,23,28,17,0,84,21,0,0,93,54,30.8,1013.61,269,0
7,CILEGON_PCI,2022-09-09 11:30:00,33,40,17,0,91,22,0,0,126,57,30.5,1014.12,526,0
8,CILEGON_PCI,2022-09-09 11:00:00,22,27,28,0,79,12,0,0,113,52,31.1,1014.46,343,0
9,CILEGON_PCI,2022-09-09 10:30:00,31,37,40,0,71,13,0,0,189,53,30.9,1014.56,323,0
10,CILEGON_PCI,2022-09-09 10:00:00,37,44,50,0,81,13,0,0,230,56,30.4,1014.97,346,0
11,CILEGON_PCI,2022-09-09 09:30:00,36,43,61,0,97,6,0,0,213,58,29.5,1015.1,265,0
12,CILEGON_PCI,2022-09-09 09:00:00,46,54,40,0,104,0,0,0,201,62,28.7,1014.87,246,0
13,CILEGON_PCI,2022-09-09 08:30:00,38,46,32,0,110,0,0,0,229,66,27.7,1014.7,237,0
14,CILEGON_PCI,2022-09-09 08:00:00,30,37,29,0,102,0,0,0,222,68,26.6,1014.73,135,0
15,CILEGON_PCI,2022-09-09 07:30:00,31,39,23,0,68,0,0,0,222,71,25.8,1014.6,163,0
16,CILEGON_PCI,2022-09-09 07:00:00,36,44,32,0,52,0,0,0,220,73,24.7,1013.75,90,0
17,CILEGON_PCI,2022-09-09 06:30:00,27,32,36,0,19,0,0,0,238,73,24,1013.51,26,0
18,CILEGON_PCI,2022-09-09 06:00:00,31,37,36,0,10,0,0,0,238,73,23.8,1013.04,0,0
19,CILEGON_PCI,2022-09-09 05:30:00,28,33,47,0,92,0,0,0,238,73,23.8,1012.87,0,0
20,CILEGON_PCI,2022-09-09 05:00:00,33,39,31,0,106,0,0,0,238,73,23.9,1012.43,0,0
21,CILEGON_PCI,2022-09-09 04:30:00,26,31,23,0,96,0,0,0,237,73,24.1,1012.26,0,0
22,CILEGON_PCI,2022-09-09 04:00:00,32,38,21,0,59,0,0,0,238,73,24.2,1012.26,0,0
23,CILEGON_PCI,2022-09-09 03:30:00,38,46,19,0,55,0,0,0,238,73,24.2,1012.23,0,0
24,CILEGON_PCI,2022-09-09 03:00:00,29,35,30,0,37,0,0,0,237,73,24.4,1012.19,0,0
25,CILEGON_PCI,2022-09-09 02:30:00,41,47,35,0,0,0,0,0,238,73,24.6,1012.16,0,0
26,CILEGON_PCI,2022-09-09 02:00:00,40,47,41,0,51,0,0,0,241,73,24.6,1012.6,0,0
27,CILEGON_PCI,2022-09-09 01:30:00,42,48,50,0,106,0,0,0,241,73,24.8,1012.87,0,0
28,CILEGON_PCI,2022-09-09 01:00:00,51,59,20,0,112,0,0,0,241,72,24.9,1013.34,0,0
29,CILEGON_PCI,2022-09-09 00:30:00,48,57,12,0,117,0,0,0,241,72,25.1,1013.82,0,0
30,CILEGON_PCI,2022-09-09 00:00:00,50,58,9,0,63,0,0,0,241,72,25.2,1014.26,0,0
31,CILEGON_PCI,2022-09-08 23:30:00,48,58,7,0,69,0,0,0,241,72,25.2,1014.56,0,0
32,CILEGON_PCI,2022-09-08 23:00:00,37,45,18,0,38,0,0,0,241,72,25.2,1014.7,0,0.01
33,CILEGON_PCI,2022-09-08 22:30:00,32,38,25,0,0,0,0,0,241,71,25.3,1014.93,0,0.01
34,CILEGON_PCI,2022-09-08 22:00:00,30,37,38,0,63,0,0,0,241,71,25.4,1014.93,0,0.01
35,CILEGON_PCI,2022-09-08 21:30:00,34,40,46,0,93,0,0,0,241,71,25.6,1014.9,0,0.01
36,CILEGON_PCI,2022-09-08 21:00:00,29,34,13,0,104,0,0,0,247,71,25.7,1014.73,0,0.01
37,CILEGON_PCI,2022-09-08 21:00:00,29,34,13,0,104,0,0,0,247,71,25.7,1014.73,0,0.01
38,CILEGON_PCI,2022-09-08 20:30:00,34,39,5,0,112,0,0,0,154,71,25.9,1014.26,0,0.01
39,CILEGON_PCI,2022-09-08 20:00:00,38,43,5,0,85,0,0,0,146,70,26,1013.72,0,0.01
40,CILEGON_PCI,2022-09-08 19:30:00,28,34,5,0,43,0,0,0,146,70,26.1,1013.14,0,0.01
41,CILEGON_PCI,2022-09-08 19:00:00,19,24,22,0,26,0,0,0,138,69,26.1,1012.73,0,0.01
42,CILEGON_PCI,2022-09-08 18:30:00,29,34,33,0,3,0,0,0,138,68,26.2,1012.36,0,0.01
43,CILEGON_PCI,2022-09-08 18:00:00,34,40,38,0,23,0,0,0,131,69,26.8,1012.02,0,0.01
44,CILEGON_PCI,2022-09-08 17:30:00,30,34,42,0,40,3,0,0,203,69,26.6,1012.19,11,0.01
45,CILEGON_PCI,2022-09-08 17:00:00,26,31,32,0,75,29,0,0,206,69,26.4,1012.16,23,0.01
46,CILEGON_PCI,2022-09-08 16:30:00,20,23,25,0,88,34,0,0,205,69,26.4,1012.16,30,0.01
47,CILEGON_PCI,2022-09-08 16:00:00,16,18,23,0,93,25,0,0,205,69,26.6,1012.12,37,0.01
48,CILEGON_PCI,2022-09-08 15:30:00,15,19,21,0,102,7,0,0,192,68,26.7,1012.26,40,0.01
49,CILEGON_PCI,2022-09-08 15:00:00,12,16,34,0,78,3,0,0,184,67,26.9,1012.36,51,0.01
50,CILEGON_PCI,2022-09-08 13:30:00,14,15,10,0,0,0,0,0,268,67,27.2,1013.24,114,0.01
51,CILEGON_PCI,2022-09-08 12:30:00,16,21,5,0,40,0,0,0,201,68,27.1,1013.92,141,0.01
52,CILEGON_PCI,2022-09-08 10:30:00,30,35,7,0,71,0,0,0,253,65,27.2,1015.78,67,0
53,CILEGON_PCI,2022-09-08 13:30:00,14,15,10,0,0,0,0,0,268,67,27.2,1013.24,114,0.01
54,CILEGON_PCI,2022-09-08 10:00:00,23,30,8,0,71,0,0,0,213,66,27.1,1015.75,74,0
55,CILEGON_PCI,2022-09-08 12:30:00,16,21,5,0,40,0,0,0,201,68,27.1,1013.92,141,0.01
56,CILEGON_PCI,2022-09-08 09:30:00,33,41,10,0,74,0,0,0,204,68,26.6,1015.54,118,0
57,CILEGON_PCI,2022-09-08 10:30:00,30,35,7,0,71,0,0,0,253,65,27.2,1015.78,67,0
58,CILEGON_PCI,2022-09-08 09:00:00,29,39,11,0,78,0,0,0,185,69,26.1,1015.44,63,0
59,CILEGON_PCI,2022-09-08 10:00:00,23,30,8,0,71,0,0,0,213,66,27.1,1015.75,74,0
60,CILEGON_PCI,2022-09-08 07:30:00,9,12,16,0,86,0,0,0,195,70,25.1,1014.8,26,0
61,CILEGON_PCI,2022-09-08 09:30:00,33,41,10,0,74,0,0,0,204,68,26.6,1015.54,118,0
62,CILEGON_PCI,2022-09-08 09:00:00,29,39,11,0,78,0,0,0,185,69,26.1,1015.44,63,0
63,CILEGON_PCI,2022-09-08 07:00:00,9,12,23,0,85,0,0,0,164,71,25,1014.49,9,0
64,CILEGON_PCI,2022-09-08 07:30:00,9,12,16,0,86,0,0,0,195,70,25.1,1014.8,26,0
65,CILEGON_PCI,2022-09-08 06:30:00,11,14,35,0,81,0,0,0,183,71,25.1,1014.05,7,0
66,CILEGON_PCI,2022-09-08 07:00:00,9,12,23,0,85,0,0,0,164,71,25,1014.49,9,0
67,CILEGON_PCI,2022-09-08 05:30:00,18,21,32,0,84,0,0,0,197,71,25.2,1013.38,0,0
68,CILEGON_PCI,2022-09-08 13:30:00,14,15,10,0,0,0,0,0,268,67,27.2,1013.24,114,0.01
69,CILEGON_PCI,2022-09-08 06:30:00,11,14,35,0,81,0,0,0,183,71,25.1,1014.05,7,0
70,CILEGON_PCI,2022-09-08 05:00:00,20,23,16,0,46,0,0,0,197,71,25.1,1013.07,0,0
71,CILEGON_PCI,2022-09-08 12:30:00,16,21,5,0,40,0,0,0,201,68,27.1,1013.92,141,0.01
72,CILEGON_PCI,2022-09-08 13:30:00,14,15,10,0,0,0,0,0,268,67,27.2,1013.24,114,0.01
73,CILEGON_PCI,2022-09-08 05:30:00,18,21,32,0,84,0,0,0,197,71,25.2,1013.38,0,0
74,CILEGON_PCI,2022-09-08 04:30:00,32,37,15,0,38,0,0,0,197,71,25.1,1012.9,0,0
75,CILEGON_PCI,2022-09-08 10:30:00,30,35,7,0,71,0,0,0,253,65,27.2,1015.78,67,0
76,CILEGON_PCI,2022-09-08 12:30:00,16,21,5,0,40,0,0,0,201,68,27.1,1013.92,141,0.01
77,CILEGON_PCI,2022-09-08 05:00:00,20,23,16,0,46,0,0,0,197,71,25.1,1013.07,0,0
78,CILEGON_PCI,2022-09-08 04:00:00,21,23,15,0,30,0,0,0,196,70,25.2,1012.67,0,0
79,CILEGON_PCI,2022-09-08 10:00:00,23,30,8,0,71,0,0,0,213,66,27.1,1015.75,74,0
80,CILEGON_PCI,2022-09-08 10:30:00,30,35,7,0,71,0,0,0,253,65,27.2,1015.78,67,0
81,CILEGON_PCI,2022-09-08 04:30:00,32,37,15,0,38,0,0,0,197,71,25.1,1012.9,0,0
82,CILEGON_PCI,2022-09-08 03:30:00,14,16,15,0,12,0,0,0,197,70,25.3,1012.43,0,0
83,CILEGON_PCI,2022-09-08 09:30:00,33,41,10,0,74,0,0,0,204,68,26.6,1015.54,118,0
84,CILEGON_PCI,2022-09-08 10:00:00,23,30,8,0,71,0,0,0,213,66,27.1,1015.75,74,0
85,CILEGON_PCI,2022-09-08 04:00:00,21,23,15,0,30,0,0,0,196,70,25.2,1012.67,0,0
86,CILEGON_PCI,2022-09-08 01:30:00,35,40,38,0,128,0,0,0,221,69,25.4,1012.7,0,0
87,CILEGON_PCI,2022-09-08 09:00:00,29,39,11,0,78,0,0,0,185,69,26.1,1015.44,63,0
88,CILEGON_PCI,2022-09-08 09:30:00,33,41,10,0,74,0,0,0,204,68,26.6,1015.54,118,0
89,CILEGON_PCI,2022-09-08 03:30:00,14,16,15,0,12,0,0,0,197,70,25.3,1012.43,0,0
90,CILEGON_PCI,2022-09-08 00:30:00,14,16,14,0,147,0,0,0,199,69,25.4,1013.31,0,0
91,CILEGON_PCI,2022-09-08 09:00:00,29,39,11,0,78,0,0,0,185,69,26.1,1015.44,63,0
92,CILEGON_PCI,2022-09-08 07:30:00,9,12,16,0,86,0,0,0,195,70,25.1,1014.8,26,0
93,CILEGON_PCI,2022-09-08 01:30:00,35,40,38,0,128,0,0,0,221,69,25.4,1012.7,0,0
94,CILEGON_PCI,2022-09-08 00:00:00,16,20,16,0,146,0,0,0,194,69,25.4,1013.61,0,0
95,CILEGON_PCI,2022-09-08 07:30:00,9,12,16,0,86,0,0,0,195,70,25.1,1014.8,26,0
96,CILEGON_PCI,2022-09-08 07:00:00,9,12,23,0,85,0,0,0,164,71,25,1014.49,9,0
97,CILEGON_PCI,2022-09-08 00:30:00,14,16,14,0,147,0,0,0,199,69,25.4,1013.31,0,0
98,CILEGON_PCI,2022-09-07 23:30:00,13,16,18,0,145,0,0,0,195,69,25.6,1013.89,0,0
99,CILEGON_PCI,2022-09-08 07:00:00,9,12,23,0,85,0,0,0,164,71,25,1014.49,9,0
100,CILEGON_PCI,2022-09-08 06:30:00,11,14,35,0,81,0,0,0,183,71,25.1,1014.05,7,0
101,CILEGON_PCI,2022-09-08 00:00:00,16,20,16,0,146,0,0,0,194,69,25.4,1013.61,0,0
102,CILEGON_PCI,2022-09-07 23:00:00,14,16,21,0,144,0,0,0,195,70,25.5,1014.39,0,0.01
103,CILEGON_PCI,2022-09-08 06:30:00,11,14,35,0,81,0,0,0,183,71,25.1,1014.05,7,0
104,CILEGON_PCI,2022-09-08 05:30:00,18,21,32,0,84,0,0,0,197,71,25.2,1013.38,0,0
105,CILEGON_PCI,2022-09-07 23:30:00,13,16,18,0,145,0,0,0,195,69,25.6,1013.89,0,0
106,CILEGON_PCI,2022-09-07 22:30:00,16,20,20,0,137,0,0,0,205,70,25.6,1014.6,0,0.01
107,CILEGON_PCI,2022-09-08 05:30:00,18,21,32,0,84,0,0,0,197,71,25.2,1013.38,0,0
108,CILEGON_PCI,2022-09-07 23:00:00,14,16,21,0,144,0,0,0,195,70,25.5,1014.39,0,0.01
109,CILEGON_PCI,2022-09-08 05:00:00,20,23,16,0,46,0,0,0,197,71,25.1,1013.07,0,0
110,CILEGON_PCI,2022-09-07 22:00:00,20,24,20,0,106,0,0,0,208,70,25.8,1014.77,0,0.01
111,CILEGON_PCI,2022-09-08 05:00:00,20,23,16,0,46,0,0,0,197,71,25.1,1013.07,0,0
112,CILEGON_PCI,2022-09-07 22:30:00,16,20,20,0,137,0,0,0,205,70,25.6,1014.6,0,0.01
113,CILEGON_PCI,2022-09-08 04:30:00,32,37,15,0,38,0,0,0,197,71,25.1,1012.9,0,0
114,CILEGON_PCI,2022-09-07 21:30:00,12,16,21,0,48,0,0,0,141,69,26.1,1014.66,0,0.01
115,CILEGON_PCI,2022-09-08 04:30:00,32,37,15,0,38,0,0,0,197,71,25.1,1012.9,0,0
116,CILEGON_PCI,2022-09-07 22:00:00,20,24,20,0,106,0,0,0,208,70,25.8,1014.77,0,0.01
117,CILEGON_PCI,2022-09-08 04:00:00,21,23,15,0,30,0,0,0,196,70,25.2,1012.67,0,0
118,CILEGON_PCI,2022-09-07 21:00:00,73,79,43,0,90,0,0,0,203,69,26.2,1014.02,0,0.01
119,CILEGON_PCI,2022-09-08 04:00:00,21,23,15,0,30,0,0,0,196,70,25.2,1012.67,0,0
120,CILEGON_PCI,2022-09-07 21:30:00,12,16,21,0,48,0,0,0,141,69,26.1,1014.66,0,0.01
121,CILEGON_PCI,2022-09-08 03:30:00,14,16,15,0,12,0,0,0,197,70,25.3,1012.43,0,0
122,CILEGON_PCI,2022-09-07 20:30:00,23,28,90,0,15,0,0,0,200,68,26.4,1013.65,0,0.01
123,CILEGON_PCI,2022-09-08 03:30:00,14,16,15,0,12,0,0,0,197,70,25.3,1012.43,0,0
124,CILEGON_PCI,2022-09-08 01:30:00,35,40,38,0,128,0,0,0,221,69,25.4,1012.7,0,0
125,CILEGON_PCI,2022-09-07 21:00:00,73,79,43,0,90,0,0,0,203,69,26.2,1014.02,0,0.01
126,CILEGON_PCI,2022-09-08 01:30:00,35,40,38,0,128,0,0,0,221,69,25.4,1012.7,0,0
127,CILEGON_PCI,2022-09-07 20:00:00,16,18,103,0,80,0,0,0,201,68,26.5,1013.38,0,0.01
128,CILEGON_PCI,2022-09-08 00:30:00,14,16,14,0,147,0,0,0,199,69,25.4,1013.31,0,0
129,CILEGON_PCI,2022-09-07 20:30:00,23,28,90,0,15,0,0,0,200,68,26.4,1013.65,0,0.01
130,CILEGON_PCI,2022-09-08 00:30:00,14,16,14,0,147,0,0,0,199,69,25.4,1013.31,0,0
131,CILEGON_PCI,2022-09-07 19:30:00,16,18,119,0,73,0,0,0,198,68,26.8,1012.87,0,0.01
132,CILEGON_PCI,2022-09-08 00:00:00,16,20,16,0,146,0,0,0,194,69,25.4,1013.61,0,0
133,CILEGON_PCI,2022-09-07 20:00:00,16,18,103,0,80,0,0,0,201,68,26.5,1013.38,0,0.01
134,CILEGON_PCI,2022-09-08 00:00:00,16,20,16,0,146,0,0,0,194,69,25.4,1013.61,0,0
135,CILEGON_PCI,2022-09-07 19:00:00,18,20,104,0,70,0,0,0,214,68,27,1012.26,0,0.01
136,CILEGON_PCI,2022-09-07 19:30:00,16,18,119,0,73,0,0,0,198,68,26.8,1012.87,0,0.01
137,CILEGON_PCI,2022-09-07 23:30:00,13,16,18,0,145,0,0,0,195,69,25.6,1013.89,0,0
138,CILEGON_PCI,2022-09-07 23:30:00,13,16,18,0,145,0,0,0,195,69,25.6,1013.89,0,0
139,CILEGON_PCI,2022-09-07 18:30:00,19,21,20,0,112,0,0,0,228,68,27.2,1011.58,0,0.01
140,CILEGON_PCI,2022-09-07 19:00:00,18,20,104,0,70,0,0,0,214,68,27,1012.26,0,0.01
141,CILEGON_PCI,2022-09-07 23:00:00,14,16,21,0,144,0,0,0,195,70,25.5,1014.39,0,0.01
142,CILEGON_PCI,2022-09-07 23:00:00,14,16,21,0,144,0,0,0,195,70,25.5,1014.39,0,0.01
143,CILEGON_PCI,2022-09-07 18:30:00,19,21,20,0,112,0,0,0,228,68,27.2,1011.58,0,0.01
144,CILEGON_PCI,2022-09-07 18:00:00,28,31,15,0,112,0,0,0,252,67,27.4,1011.01,0,0.01
145,CILEGON_PCI,2022-09-07 22:30:00,16,20,20,0,137,0,0,0,205,70,25.6,1014.6,0,0.01
146,CILEGON_PCI,2022-09-07 22:30:00,16,20,20,0,137,0,0,0,205,70,25.6,1014.6,0,0.01
147,CILEGON_PCI,2022-09-07 18:00:00,28,31,15,0,112,0,0,0,252,67,27.4,1011.01,0,0.01
148,CILEGON_PCI,2022-09-07 22:00:00,20,24,20,0,106,0,0,0,208,70,25.8,1014.77,0,0.01
149,CILEGON_PCI,2022-09-07 17:30:00,17,19,12,0,114,0,0,0,72,66,27.6,1010.53,16,0.01
150,CILEGON_PCI,2022-09-07 22:00:00,20,24,20,0,106,0,0,0,208,70,25.8,1014.77,0,0.01
151,CILEGON_PCI,2022-09-07 21:30:00,12,16,21,0,48,0,0,0,141,69,26.1,1014.66,0,0.01
152,CILEGON_PCI,2022-09-07 17:30:00,17,19,12,0,114,0,0,0,72,66,27.6,1010.53,16,0.01
153,CILEGON_PCI,2022-09-07 17:00:00,21,25,6,0,116,0,0,0,210,66,27.7,1010.63,25,0.01
154,CILEGON_PCI,2022-09-07 17:00:00,21,25,6,0,116,0,0,0,210,66,27.7,1010.63,25,0.01
155,CILEGON_PCI,2022-09-07 21:00:00,73,79,43,0,90,0,0,0,203,69,26.2,1014.02,0,0.01
156,CILEGON_PCI,2022-09-07 16:30:00,21,24,8,0,79,0,0,0,209,66,27.7,1010.3,58,0.01
157,CILEGON_PCI,2022-09-08 13:30:00,14,15,10,0,0,0,0,0,268,67,27.2,1013.24,114,0.01
158,CILEGON_PCI,2022-09-07 16:30:00,21,24,8,0,79,0,0,0,209,66,27.7,1010.3,58,0.01
159,CILEGON_PCI,2022-09-07 20:30:00,23,28,90,0,15,0,0,0,200,68,26.4,1013.65,0,0.01
160,CILEGON_PCI,2022-09-07 16:00:00,21,24,14,0,67,0,0,0,216,68,27.7,1010.33,79,0.01
161,CILEGON_PCI,2022-09-08 12:30:00,16,21,5,0,40,0,0,0,201,68,27.1,1013.92,141,0.01
162,CILEGON_PCI,2022-09-07 16:00:00,21,24,14,0,67,0,0,0,216,68,27.7,1010.33,79,0.01
163,CILEGON_PCI,2022-09-07 15:30:00,23,27,20,0,67,0,0,0,224,68,27.9,1010.46,67,0.01
164,CILEGON_PCI,2022-09-07 20:00:00,16,18,103,0,80,0,0,0,201,68,26.5,1013.38,0,0.01
165,CILEGON_PCI,2022-09-07 15:30:00,23,27,20,0,67,0,0,0,224,68,27.9,1010.46,67,0.01
166,CILEGON_PCI,2022-09-07 19:30:00,16,18,119,0,73,0,0,0,198,68,26.8,1012.87,0,0.01
167,CILEGON_PCI,2022-09-07 15:00:00,24,27,23,0,72,0,0,0,228,65,28.4,1010.4,49,0.01
168,CILEGON_PCI,2022-09-07 14:30:00,26,29,17,0,85,0,0,0,345,61,29.1,1010.33,47,0.01
169,CILEGON_PCI,2022-09-07 14:00:00,22,24,20,0,86,0,0,0,176,60,30.6,1010.77,367,0.01
170,CILEGON_PCI,2022-09-07 13:30:00,18,20,21,0,90,1,0,0,168,62,29.2,1010.97,376,0.01
171,CILEGON_PCI,2022-09-07 13:00:00,21,24,26,0,92,0,0,0,227,63,28.2,1011.92,656,0.01
172,CILEGON_PCI,2022-09-07 12:30:00,20,24,36,0,63,1,0,0,221,67,28,1011.95,858,0.01
173,CILEGON_PCI,2022-09-07 12:00:00,20,24,35,0,68,6,0,0,198,67,27.1,1012.5,114,0
174,CILEGON_PCI,2022-09-07 11:30:00,34,42,39,0,74,9,0,0,221,60,29.6,1012.84,19,0
175,CILEGON_PCI,2022-09-07 11:00:00,31,37,42,0,74,11,0,0,116,55,31,1012.73,171,0
176,CILEGON_PCI,2022-09-07 10:30:00,34,43,31,0,91,24,0,0,194,55,31.3,1013.41,207,0
177,CILEGON_PCI,2022-09-07 10:00:00,37,45,31,0,98,24,0,0,201,61,30.2,1013.65,786,0
178,CILEGON_PCI,2022-09-07 09:30:00,38,45,31,0,102,23,0,0,193,64,28.9,1013.82,178,0
179,CILEGON_PCI,2022-09-07 09:00:00,36,44,38,0,104,18,0,0,214,70,27.6,1013.92,380,0
180,CILEGON_PCI,2022-09-07 08:30:00,33,39,51,0,70,5,0,0,228,72,26.7,1013.65,132,0
181,CILEGON_PCI,2022-09-07 08:00:00,27,32,45,0,84,5,0,0,228,73,26.1,1013.55,84,0
182,CILEGON_PCI,2022-09-07 07:30:00,25,30,41,0,110,1,0,0,223,73,25.7,1013.31,51,0
183,CILEGON_PCI,2022-09-07 07:00:00,22,27,32,0,115,0,0,0,228,74,25.4,1012.6,35,0
184,CILEGON_PCI,2022-09-07 06:30:00,31,38,8,0,127,0,0,0,128,74,24.9,1012.26,53,0
185,CILEGON_PCI,2022-09-07 06:00:00,17,21,6,0,87,0,0,0,116,74,24.7,1011.82,5,0
186,CILEGON_PCI,2022-09-07 05:30:00,23,27,5,0,80,0,0,0,112,74,24.6,1011.82,0,0
187,CILEGON_PCI,2022-09-07 05:00:00,23,27,6,0,70,0,0,0,112,74,24.6,1011.41,0,0
188,CILEGON_PCI,2022-09-07 04:30:00,26,30,21,0,23,0,0,0,112,74,24.7,1011.35,0,0
189,CILEGON_PCI,2022-09-07 04:00:00,26,31,31,0,33,0,0,0,112,74,24.7,1011.21,0,0
190,CILEGON_PCI,2022-09-07 03:30:00,32,37,41,0,69,0,0,0,112,74,24.8,1011.31,0,0
191,CILEGON_PCI,2022-09-07 03:00:00,24,28,42,0,94,0,0,0,111,74,24.9,1011.31,0,0
192,CILEGON_PCI,2022-09-07 02:30:00,24,29,22,0,108,0,0,0,112,73,25.3,1011.31,0,0
193,CILEGON_PCI,2022-09-07 02:00:00,21,26,20,0,49,0,0,0,111,73,25.3,1011.41,0,0
194,CILEGON_PCI,2022-09-07 01:30:00,23,27,18,0,38,0,0,0,111,73,25.4,1011.82,0,0
195,CILEGON_PCI,2022-09-07 01:00:00,25,30,20,0,102,0,0,0,111,72,25.7,1012.4,0,0
196,CILEGON_PCI,2022-09-07 00:30:00,26,31,38,0,13,0,0,0,104,72,26,1012.4,0,0
197,CILEGON_PCI,2022-09-07 00:00:00,29,35,46,0,76,0,0,0,104,72,26.5,1012.84,0,0
198,CILEGON_PCI,2022-09-06 23:30:00,28,33,49,0,95,0,0,0,180,71,26.8,1012.9,0,0
199,CILEGON_PCI,2022-09-06 23:00:00,31,37,46,0,94,0,0,0,182,70,26.8,1013.21,0,0
200,CILEGON_PCI,2022-09-06 22:30:00,28,34,23,0,107,0,0,0,182,70,26.9,1013.17,0,0
201,CILEGON_PCI,2022-09-06 22:00:00,32,39,19,0,37,0,0,0,175,69,27.1,1012.8,0,0
202,CILEGON_PCI,2022-09-06 21:30:00,28,35,18,0,102,0,0,0,181,69,27.2,1012.77,0,0
203,CILEGON_PCI,2022-09-06 21:00:00,26,31,21,0,105,0,0,0,181,69,27.1,1012.53,0,0
204,CILEGON_PCI,2022-09-06 20:30:00,30,35,43,0,49,0,0,0,181,68,27.5,1012.12,0,0
205,CILEGON_PCI,2022-09-06 20:00:00,38,46,47,0,48,0,0,0,174,67,27.7,1012.23,0,0
206,CILEGON_PCI,2022-09-06 19:30:00,33,39,47,0,44,0,0,0,174,67,28.3,1011.85,0,0
207,CILEGON_PCI,2022-09-06 19:00:00,28,35,43,0,47,10,0,0,174,65,28.7,1011.18,0,0
208,CILEGON_PCI,2022-09-06 18:30:00,21,27,25,0,69,32,0,0,142,64,28.9,1010.43,0,0
209,CILEGON_PCI,2022-09-06 18:00:00,29,36,27,0,72,32,0,0,144,63,29.4,1010.13,0,0
210,CILEGON_PCI,2022-09-06 17:30:00,20,24,28,0,81,31,0,0,91,61,29.5,1009.58,9,0
211,CILEGON_PCI,2022-09-06 17:00:00,17,21,36,0,80,23,0,0,43,60,29.7,1009.31,26,0
212,CILEGON_PCI,2022-09-06 16:30:00,17,22,57,0,49,10,0,0,58,60,29.8,1009.11,40,0
213,CILEGON_PCI,2022-09-06 16:00:00,16,19,61,0,49,10,0,0,66,60,30,1008.94,77,0
214,CILEGON_PCI,2022-09-06 15:30:00,22,26,67,0,49,10,0,0,121,60,30.3,1008.87,436,0
215,CILEGON_PCI,2022-09-06 15:00:00,20,26,67,0,51,13,0,0,58,60,30.2,1009.21,545,0
216,CILEGON_PCI,2022-09-06 14:30:00,17,21,33,0,67,25,0,0,127,60,30.1,1009.31,619,0
217,CILEGON_PCI,2022-09-06 13:00:00,23,28,32,0,68,25,0,0,78,64,28.8,1009.99,241,0
218,CILEGON_PCI,2022-09-06 11:00:00,15,17,28,0,78,27,0,0,157,72,25.7,1012.46,272,0
219,CILEGON_PCI,2022-09-06 10:30:00,20,23,36,0,68,24,0,0,133,71,25.6,1012.9,67,0
220,CILEGON_PCI,2022-09-06 09:00:00,21,24,27,0,83,29,0,0,177,73,25.5,1013.14,534,0
221,CILEGON_PCI,2022-09-06 13:00:00,23,28,32,0,68,25,0,0,78,64,28.8,1009.99,241,0
222,CILEGON_PCI,2022-09-06 08:00:00,28,33,22,0,96,19,0,0,191,75,25.4,1012.77,290,0
223,CILEGON_PCI,2022-09-06 11:00:00,15,17,28,0,78,27,0,0,157,72,25.7,1012.46,272,0
224,CILEGON_PCI,2022-09-06 07:30:00,30,35,22,0,88,11,0,0,122,75,25.1,1012.63,21,0
225,CILEGON_PCI,2022-09-06 10:30:00,20,23,36,0,68,24,0,0,133,71,25.6,1012.9,67,0
226,CILEGON_PCI,2022-09-06 06:30:00,22,26,4,0,66,0,0,0,186,75,24.2,1011.65,30,0
227,CILEGON_PCI,2022-09-06 09:00:00,21,24,27,0,83,29,0,0,177,73,25.5,1013.14,534,0
228,CILEGON_PCI,2022-09-06 06:00:00,26,30,4,0,91,0,0,0,187,75,24.2,1011.68,0,0
229,CILEGON_PCI,2022-09-06 08:00:00,28,33,22,0,96,19,0,0,191,75,25.4,1012.77,290,0
230,CILEGON_PCI,2022-09-06 05:00:00,23,38,4,0,104,0,0,0,186,75,23.8,1011.31,0,0
231,CILEGON_PCI,2022-09-06 07:30:00,30,35,22,0,88,11,0,0,122,75,25.1,1012.63,21,0
232,CILEGON_PCI,2022-09-06 04:30:00,23,51,5,0,120,0,0,0,172,75,23.9,1010.84,0,0
233,CILEGON_PCI,2022-09-06 06:30:00,22,26,4,0,66,0,0,0,186,75,24.2,1011.65,30,0
234,CILEGON_PCI,2022-09-06 04:00:00,28,33,7,0,121,0,0,0,190,74,24,1011.45,0,0
235,CILEGON_PCI,2022-09-06 06:00:00,26,30,4,0,91,0,0,0,187,75,24.2,1011.68,0,0
236,CILEGON_PCI,2022-09-06 03:30:00,32,37,8,0,133,0,0,0,112,74,24.8,1010.97,0,0
237,CILEGON_PCI,2022-09-05 15:30:00,24,28,5,0,75,29,0,0,49,41,32.4,1008.94,367,0
238,CILEGON_PCI,2022-09-06 05:00:00,23,38,4,0,104,0,0,0,186,75,23.8,1011.31,0,0
239,CILEGON_PCI,2022-09-06 03:00:00,24,29,5,0,134,0,0,0,170,74,24.6,1010.77,0,0
240,CILEGON_PCI,2022-09-05 15:00:00,24,27,6,0,83,19,0,0,39,42,32.7,1009.14,179,0
241,CILEGON_PCI,2022-09-06 04:30:00,23,51,5,0,120,0,0,0,172,75,23.9,1010.84,0,0
242,CILEGON_PCI,2022-09-06 02:30:00,23,26,7,0,136,0,0,0,70,73,24.8,1010.97,0,0
243,CILEGON_PCI,2022-09-06 04:00:00,28,33,7,0,121,0,0,0,190,74,24,1011.45,0,0
244,CILEGON_PCI,2022-09-06 02:00:00,24,28,2,0,132,0,0,0,71,72,24.8,1011.24,0,0
245,CILEGON_PCI,2022-09-06 03:30:00,32,37,8,0,133,0,0,0,112,74,24.8,1010.97,0,0
246,CILEGON_PCI,2022-09-06 01:30:00,31,36,2,0,125,0,0,0,227,68,26.1,1011.51,0,0
247,CILEGON_PCI,2022-09-06 03:00:00,24,29,5,0,134,0,0,0,170,74,24.6,1010.77,0,0
248,CILEGON_PCI,2022-09-06 01:00:00,30,33,1,0,24,0,0,0,223,65,26.2,1011.45,0,0
249,CILEGON_PCI,2022-09-06 02:30:00,23,26,7,0,136,0,0,0,70,73,24.8,1010.97,0,0
250,CILEGON_PCI,2022-09-06 00:30:00,30,36,1,0,0,0,0,0,178,64,26.4,1011.92,0,0
251,CILEGON_PCI,2022-09-06 02:00:00,24,28,2,0,132,0,0,0,71,72,24.8,1011.24,0,0
252,CILEGON_PCI,2022-09-06 00:00:00,29,33,0,0,0,0,0,0,123,64,26.3,1012.06,0,0
253,CILEGON_PCI,2022-09-06 01:30:00,31,36,2,0,125,0,0,0,227,68,26.1,1011.51,0,0
254,CILEGON_PCI,2022-09-05 23:30:00,38,44,2,0,65,0,0,0,108,63,26.7,1012.56,0,0
255,CILEGON_PCI,2022-09-06 01:00:00,30,33,1,0,24,0,0,0,223,65,26.2,1011.45,0,0
256,CILEGON_PCI,2022-09-05 23:00:00,51,56,11,0,102,0,0,0,181,62,27.7,1012.26,0,0
257,CILEGON_PCI,2022-09-06 13:00:00,23,28,32,0,68,25,0,0,78,64,28.8,1009.99,241,0
258,CILEGON_PCI,2022-09-06 00:30:00,30,36,1,0,0,0,0,0,178,64,26.4,1011.92,0,0
259,CILEGON_PCI,2022-09-05 22:30:00,57,64,17,0,112,0,0,0,181,61,27.8,1012.67,0,0
260,CILEGON_PCI,2022-09-06 13:00:00,23,28,32,0,68,25,0,0,78,64,28.8,1009.99,241,0
261,CILEGON_PCI,2022-09-06 11:00:00,15,17,28,0,78,27,0,0,157,72,25.7,1012.46,272,0
262,CILEGON_PCI,2022-09-06 00:00:00,29,33,0,0,0,0,0,0,123,64,26.3,1012.06,0,0
263,CILEGON_PCI,2022-09-05 22:00:00,72,88,19,0,111,0,0,0,181,60,27.9,1012.53,0,0
264,CILEGON_PCI,2022-09-06 10:30:00,20,23,36,0,68,24,0,0,133,71,25.6,1012.9,67,0
265,CILEGON_PCI,2022-09-05 23:30:00,38,44,2,0,65,0,0,0,108,63,26.7,1012.56,0,0
266,CILEGON_PCI,2022-09-06 11:00:00,15,17,28,0,78,27,0,0,157,72,25.7,1012.46,272,0
267,CILEGON_PCI,2022-09-05 21:30:00,74,80,18,0,103,0,0,0,181,60,28.3,1012.5,0,0
268,CILEGON_PCI,2022-09-05 23:00:00,51,56,11,0,102,0,0,0,181,62,27.7,1012.26,0,0
269,CILEGON_PCI,2022-09-06 09:00:00,21,24,27,0,83,29,0,0,177,73,25.5,1013.14,534,0
270,CILEGON_PCI,2022-09-06 10:30:00,20,23,36,0,68,24,0,0,133,71,25.6,1012.9,67,0
271,CILEGON_PCI,2022-09-05 21:00:00,86,95,16,0,99,1,0,0,181,58,28.5,1012.23,0,0
272,CILEGON_PCI,2022-09-05 22:30:00,57,64,17,0,112,0,0,0,181,61,27.8,1012.67,0,0
273,CILEGON_PCI,2022-09-06 09:00:00,21,24,27,0,83,29,0,0,177,73,25.5,1013.14,534,0
274,CILEGON_PCI,2022-09-06 08:00:00,28,33,22,0,96,19,0,0,191,75,25.4,1012.77,290,0
275,CILEGON_PCI,2022-09-05 20:30:00,58,67,7,0,112,5,0,0,181,57,28.9,1012.29,0,0
276,CILEGON_PCI,2022-09-05 22:00:00,72,88,19,0,111,0,0,0,181,60,27.9,1012.53,0,0
277,CILEGON_PCI,2022-09-06 08:00:00,28,33,22,0,96,19,0,0,191,75,25.4,1012.77,290,0
278,CILEGON_PCI,2022-09-06 07:30:00,30,35,22,0,88,11,0,0,122,75,25.1,1012.63,21,0
279,CILEGON_PCI,2022-09-05 20:00:00,28,34,6,0,114,4,0,0,179,58,29,1012.09,0,0
280,CILEGON_PCI,2022-09-05 21:30:00,74,80,18,0,103,0,0,0,181,60,28.3,1012.5,0,0
281,CILEGON_PCI,2022-09-06 07:30:00,30,35,22,0,88,11,0,0,122,75,25.1,1012.63,21,0
282,CILEGON_PCI,2022-09-06 06:30:00,22,26,4,0,66,0,0,0,186,75,24.2,1011.65,30,0
283,CILEGON_PCI,2022-09-05 19:30:00,44,51,5,0,118,2,0,0,167,58,29.1,1011.58,0,0
284,CILEGON_PCI,2022-09-05 21:00:00,86,95,16,0,99,1,0,0,181,58,28.5,1012.23,0,0
285,CILEGON_PCI,2022-09-06 06:30:00,22,26,4,0,66,0,0,0,186,75,24.2,1011.65,30,0
286,CILEGON_PCI,2022-09-06 06:00:00,26,30,4,0,91,0,0,0,187,75,24.2,1011.68,0,0
287,CILEGON_PCI,2022-09-05 19:00:00,33,38,4,0,119,0,0,0,91,56,29.5,1010.97,0,0
288,CILEGON_PCI,2022-09-05 20:30:00,58,67,7,0,112,5,0,0,181,57,28.9,1012.29,0,0
289,CILEGON_PCI,2022-09-06 06:00:00,26,30,4,0,91,0,0,0,187,75,24.2,1011.68,0,0
290,CILEGON_PCI,2022-09-06 05:00:00,23,38,4,0,104,0,0,0,186,75,23.8,1011.31,0,0
291,CILEGON_PCI,2022-09-05 18:30:00,35,44,6,0,81,0,0,0,96,54,30.2,1010.53,0,0
292,CILEGON_PCI,2022-09-05 20:00:00,28,34,6,0,114,4,0,0,179,58,29,1012.09,0,0
293,CILEGON_PCI,2022-09-06 05:00:00,23,38,4,0,104,0,0,0,186,75,23.8,1011.31,0,0
294,CILEGON_PCI,2022-09-06 04:30:00,23,51,5,0,120,0,0,0,172,75,23.9,1010.84,0,0
295,CILEGON_PCI,2022-09-05 19:30:00,44,51,5,0,118,2,0,0,167,58,29.1,1011.58,0,0
296,CILEGON_PCI,2022-09-05 18:00:00,30,34,5,0,70,0,0,0,134,49,30.6,1010.09,0,0
297,CILEGON_PCI,2022-09-06 13:00:00,23,28,32,0,68,25,0,0,78,64,28.8,1009.99,241,0
298,CILEGON_PCI,2022-09-06 04:30:00,23,51,5,0,120,0,0,0,172,75,23.9,1010.84,0,0
299,CILEGON_PCI,2022-09-06 13:00:00,23,28,32,0,68,25,0,0,78,64,28.8,1009.99,241,0
300,CILEGON_PCI,2022-09-06 04:00:00,28,33,7,0,121,0,0,0,190,74,24,1011.45,0,0
301,CILEGON_PCI,2022-09-05 19:00:00,33,38,4,0,119,0,0,0,91,56,29.5,1010.97,0,0
302,CILEGON_PCI,2022-09-05 17:30:00,31,35,9,0,67,1,0,0,142,48,31.1,1009.48,16,0
303,CILEGON_PCI,2022-09-06 11:00:00,15,17,28,0,78,27,0,0,157,72,25.7,1012.46,272,0
304,CILEGON_PCI,2022-09-06 11:00:00,15,17,28,0,78,27,0,0,157,72,25.7,1012.46,272,0
305,CILEGON_PCI,2022-09-05 18:30:00,35,44,6,0,81,0,0,0,96,54,30.2,1010.53,0,0
306,CILEGON_PCI,2022-09-05 17:00:00,27,30,8,0,66,10,0,0,112,46,31.4,1009.45,37,0
307,CILEGON_PCI,2022-09-06 10:30:00,20,23,36,0,68,24,0,0,133,71,25.6,1012.9,67,0
308,CILEGON_PCI,2022-09-05 18:00:00,30,34,5,0,70,0,0,0,134,49,30.6,1010.09,0,0
309,CILEGON_PCI,2022-09-05 16:30:00,27,33,5,0,75,30,0,0,167,44,32.1,1009.28,63,0
310,CILEGON_PCI,2022-09-06 09:00:00,21,24,27,0,83,29,0,0,177,73,25.5,1013.14,534,0
311,CILEGON_PCI,2022-09-05 17:30:00,31,35,9,0,67,1,0,0,142,48,31.1,1009.48,16,0
312,CILEGON_PCI,2022-09-05 16:00:00,25,29,5,0,74,30,0,0,63,43,32.2,1009.04,90,0
313,CILEGON_PCI,2022-09-06 08:00:00,28,33,22,0,96,19,0,0,191,75,25.4,1012.77,290,0
314,CILEGON_PCI,2022-09-05 14:30:00,18,21,9,0,60,4,0,0,131,42,32.7,1009.14,561,0
315,CILEGON_PCI,2022-09-05 14:00:00,18,21,10,0,59,3,0,0,46,46,32.4,1009.58,663,0
316,CILEGON_PCI,2022-09-05 13:30:00,14,17,13,0,59,5,0,0,122,49,32.3,1009.92,381,0
317,CILEGON_PCI,2022-09-05 13:00:00,14,17,16,0,63,11,0,0,54,49,32.6,1010.33,513,0
318,CILEGON_PCI,2022-09-05 12:30:00,13,15,12,0,74,27,0,0,69,49,32.7,1010.74,487,0
319,CILEGON_PCI,2022-09-05 12:00:00,14,17,12,0,76,27,0,0,116,50,32.2,1011.07,686,0
320,CILEGON_PCI,2022-09-05 11:30:00,22,25,14,0,82,27,0,0,123,50,32.2,1011.24,729,0
321,CILEGON_PCI,2022-09-05 11:00:00,19,23,20,0,88,21,0,0,59,49,32.5,1011.72,786,0
322,CILEGON_PCI,2022-09-05 10:30:00,22,25,35,0,60,10,0,0,135,50,32.4,1012.26,759,0
323,CILEGON_PCI,2022-09-05 10:00:00,31,36,41,0,69,16,0,0,128,50,32.7,1012.63,689,0
324,CILEGON_PCI,2022-09-05 09:30:00,26,33,47,0,86,15,0,0,127,49,32.3,1012.9,318,0
325,CILEGON_PCI,2022-09-05 09:00:00,28,34,47,0,92,2,0,0,219,52,31.3,1012.9,357,0
326,CILEGON_PCI,2022-09-05 08:30:00,28,36,23,0,104,0,0,0,94,55,30.3,1012.94,411,0
327,CILEGON_PCI,2022-09-05 08:00:00,34,42,21,0,101,0,0,0,143,57,29.4,1013.07,271,0
328,CILEGON_PCI,2022-09-05 07:30:00,41,51,17,0,92,0,0,0,156,62,27.9,1012.94,179,0
329,CILEGON_PCI,2022-09-05 07:00:00,51,61,16,0,83,0,0,0,200,65,26.7,1012.7,70,0
330,CILEGON_PCI,2022-09-05 06:30:00,42,51,25,0,24,0,0,0,179,66,26.2,1012.36,32,0
331,CILEGON_PCI,2022-09-05 06:00:00,28,32,30,0,66,3,0,0,176,66,26.1,1012.29,0,0
332,CILEGON_PCI,2022-09-05 05:30:00,18,22,32,0,81,10,0,0,176,66,26.1,1011.72,0,0
333,CILEGON_PCI,2022-09-05 05:00:00,21,25,31,0,89,6,0,0,177,64,26.5,1011.24,0,0
334,CILEGON_PCI,2022-09-05 04:30:00,15,18,21,0,93,6,0,0,177,62,26.9,1011.14,0,0
335,CILEGON_PCI,2022-09-05 04:00:00,12,16,17,0,86,3,0,0,278,61,27.3,1011.11,0,0
336,CILEGON_PCI,2022-09-05 03:30:00,6,8,11,0,101,0,0,0,135,60,27.4,1011.01,0,0
337,CILEGON_PCI,2022-09-05 03:00:00,7,8,10,0,99,0,0,0,206,61,27.6,1011.31,0,0
338,CILEGON_PCI,2022-09-05 02:30:00,9,12,14,0,85,0,0,0,185,61,27.3,1011.18,0,0
339,CILEGON_PCI,2022-09-05 02:00:00,9,12,19,0,99,0,0,0,176,61,27.4,1011.21,0,0
340,CILEGON_PCI,2022-09-05 01:30:00,12,14,19,0,112,0,0,0,208,59,27.7,1011.18,0,0
341,CILEGON_PCI,2022-09-05 01:00:00,8,9,19,0,111,0,0,0,228,58,27.8,1011.65,0,0
342,CILEGON_PCI,2022-09-05 00:30:00,10,14,5,0,112,0,0,0,132,58,27.7,1011.95,0,0
343,CILEGON_PCI,2022-09-05 00:00:00,13,14,3,0,112,0,0,0,225,61,27.7,1012.26,0,0
344,CILEGON_PCI,2022-09-04 23:30:00,9,11,1,0,116,0,0,0,227,61,27.7,1012.43,0,0
345,CILEGON_PCI,2022-09-04 23:00:00,11,13,2,0,112,0,0,0,238,61,27.7,1012.63,0,0
346,CILEGON_PCI,2022-09-04 22:30:00,19,23,4,0,80,0,0,0,215,62,27.7,1012.56,0,0
347,CILEGON_PCI,2022-09-04 22:00:00,8,10,10,0,81,0,0,0,247,61,27.9,1012.63,0,0
348,CILEGON_PCI,2022-09-04 21:30:00,13,15,12,0,77,0,0,0,245,61,28.1,1012.6,0,0
349,CILEGON_PCI,2022-09-04 21:00:00,12,14,13,0,75,0,0,0,247,60,28.2,1012.53,0,0
350,CILEGON_PCI,2022-09-04 20:30:00,17,20,5,0,86,0,0,0,286,60,28.2,1012.33,0,0
351,CILEGON_PCI,2022-09-04 20:00:00,13,16,5,0,88,0,0,0,231,60,28.4,1011.95,0,0
352,CILEGON_PCI,2022-09-04 19:30:00,18,20,4,0,91,0,0,0,239,59,28.6,1011.38,0,0
353,CILEGON_PCI,2022-09-04 19:00:00,18,23,7,0,92,0,0,0,264,58,28.8,1010.97,0,0
354,CILEGON_PCI,2022-09-04 18:30:00,20,23,16,0,55,0,0,0,191,58,28.9,1010.7,0,0
355,CILEGON_PCI,2022-09-04 18:00:00,22,25,20,0,40,0,0,0,272,58,29.3,1010.3,0,0
356,CILEGON_PCI,2022-09-04 17:30:00,27,34,25,0,33,0,0,0,168,58,29.6,1009.69,14,0
357,CILEGON_PCI,2022-09-04 17:00:00,21,25,22,0,32,3,0,0,151,58,30,1009.69,44,0
358,CILEGON_PCI,2022-09-04 16:30:00,15,17,11,0,45,13,0,0,170,57,30.6,1009.35,83,0
359,CILEGON_PCI,2022-09-04 16:00:00,15,19,11,0,48,12,0,0,206,55,30.7,1009.28,98,0
360,CILEGON_PCI,2022-09-04 15:30:00,22,28,12,0,55,12,0,0,206,54,31.2,1009.21,125,0
361,CILEGON_PCI,2022-09-04 15:00:00,18,20,15,0,62,6,0,0,189,54,31.3,1009.18,376,0
362,CILEGON_PCI,2022-09-04 14:30:00,21,26,16,0,67,2,0,0,359,53,32,1009.42,304,0
363,CILEGON_PCI,2022-09-04 13:30:00,9,10,21,0,66,1,0,0,226,50,32.6,1009.55,668,0
364,CILEGON_PCI,2022-09-04 11:00:00,13,14,26,0,69,0,0,0,248,55,30.7,1011.24,278,0
365,CILEGON_PCI,2022-09-04 10:30:00,12,14,26,0,80,0,0,0,230,54,30.8,1011.58,178,0
366,CILEGON_PCI,2022-09-04 09:30:00,10,12,30,0,80,0,0,0,311,54,30.6,1012.5,248,0
367,CILEGON_PCI,2022-09-04 13:30:00,9,10,21,0,66,1,0,0,226,50,32.6,1009.55,668,0
368,CILEGON_PCI,2022-09-04 09:00:00,8,11,37,0,83,0,0,0,239,56,29.7,1012.7,243,0
369,CILEGON_PCI,2022-09-04 11:00:00,13,14,26,0,69,0,0,0,248,55,30.7,1011.24,278,0
370,CILEGON_PCI,2022-09-04 08:30:00,10,12,30,0,85,0,0,0,147,56,29.5,1012.94,171,0
371,CILEGON_PCI,2022-09-04 10:30:00,12,14,26,0,80,0,0,0,230,54,30.8,1011.58,178,0
372,CILEGON_PCI,2022-09-04 07:30:00,15,17,24,0,79,0,0,0,216,61,28.2,1012.84,248,0
373,CILEGON_PCI,2022-09-04 09:30:00,10,12,30,0,80,0,0,0,311,54,30.6,1012.5,248,0
374,CILEGON_PCI,2022-09-04 13:30:00,9,10,21,0,66,1,0,0,226,50,32.6,1009.55,668,0
375,CILEGON_PCI,2022-09-04 06:30:00,9,11,32,0,86,5,0,0,218,66,25.9,1012.16,49,0
376,CILEGON_PCI,2022-09-04 09:00:00,8,11,37,0,83,0,0,0,239,56,29.7,1012.7,243,0
377,CILEGON_PCI,2022-09-04 11:00:00,13,14,26,0,69,0,0,0,248,55,30.7,1011.24,278,0
378,CILEGON_PCI,2022-09-04 08:30:00,10,12,30,0,85,0,0,0,147,56,29.5,1012.94,171,0
379,CILEGON_PCI,2022-09-04 06:00:00,8,9,34,0,85,3,0,0,218,67,25.6,1011.62,0,0
380,CILEGON_PCI,2022-09-04 10:30:00,12,14,26,0,80,0,0,0,230,54,30.8,1011.58,178,0
381,CILEGON_PCI,2022-09-04 07:30:00,15,17,24,0,79,0,0,0,216,61,28.2,1012.84,248,0
382,CILEGON_PCI,2022-09-04 05:00:00,9,11,33,0,92,2,0,0,214,66,25.8,1011.11,0,0
383,CILEGON_PCI,2022-09-04 09:30:00,10,12,30,0,80,0,0,0,311,54,30.6,1012.5,248,0
384,CILEGON_PCI,2022-09-04 06:30:00,9,11,32,0,86,5,0,0,218,66,25.9,1012.16,49,0
385,CILEGON_PCI,2022-09-04 04:30:00,9,9,36,0,99,2,0,0,216,65,26,1010.77,0,0
386,CILEGON_PCI,2022-09-04 09:00:00,8,11,37,0,83,0,0,0,239,56,29.7,1012.7,243,0
387,CILEGON_PCI,2022-09-04 06:00:00,8,9,34,0,85,3,0,0,218,67,25.6,1011.62,0,0
388,CILEGON_PCI,2022-09-04 04:00:00,9,11,32,0,106,0,0,0,216,65,26.1,1010.84,0,0
389,CILEGON_PCI,2022-09-04 08:30:00,10,12,30,0,85,0,0,0,147,56,29.5,1012.94,171,0
390,CILEGON_PCI,2022-09-04 05:00:00,9,11,33,0,92,2,0,0,214,66,25.8,1011.11,0,0
391,CILEGON_PCI,2022-09-04 03:30:00,14,19,36,0,109,0,0,0,218,64,26.1,1010.87,0,0
392,CILEGON_PCI,2022-09-04 07:30:00,15,17,24,0,79,0,0,0,216,61,28.2,1012.84,248,0
393,CILEGON_PCI,2022-09-04 03:00:00,16,18,38,0,120,0,0,0,218,65,26.1,1011.11,0,0
394,CILEGON_PCI,2022-09-04 04:30:00,9,9,36,0,99,2,0,0,216,65,26,1010.77,0,0
395,CILEGON_PCI,2022-09-04 06:30:00,9,11,32,0,86,5,0,0,218,66,25.9,1012.16,49,0
396,CILEGON_PCI,2022-09-04 02:30:00,12,16,34,0,117,0,0,0,222,64,26.1,1011.24,0,0
397,CILEGON_PCI,2022-09-04 04:00:00,9,11,32,0,106,0,0,0,216,65,26.1,1010.84,0,0
398,CILEGON_PCI,2022-09-04 06:00:00,8,9,34,0,85,3,0,0,218,67,25.6,1011.62,0,0
399,CILEGON_PCI,2022-09-04 02:00:00,14,19,35,0,110,0,0,0,222,63,26.2,1011.41,0,0
400,CILEGON_PCI,2022-09-04 03:30:00,14,19,36,0,109,0,0,0,218,64,26.1,1010.87,0,0
401,CILEGON_PCI,2022-09-04 01:30:00,10,12,31,0,83,0,0,0,222,62,26.3,1011.28,0,0
402,CILEGON_PCI,2022-09-04 05:00:00,9,11,33,0,92,2,0,0,214,66,25.8,1011.11,0,0
403,CILEGON_PCI,2022-09-04 03:00:00,16,18,38,0,120,0,0,0,218,65,26.1,1011.11,0,0
404,CILEGON_PCI,2022-09-04 01:00:00,9,11,24,0,59,0,0,0,334,62,26.3,1012.02,0,0
405,CILEGON_PCI,2022-09-04 04:30:00,9,9,36,0,99,2,0,0,216,65,26,1010.77,0,0
406,CILEGON_PCI,2022-09-04 02:30:00,12,16,34,0,117,0,0,0,222,64,26.1,1011.24,0,0
407,CILEGON_PCI,2022-09-04 04:00:00,9,11,32,0,106,0,0,0,216,65,26.1,1010.84,0,0
408,CILEGON_PCI,2022-09-04 00:30:00,7,9,25,0,108,0,0,0,272,63,26.4,1012.5,0,0
409,CILEGON_PCI,2022-09-04 02:00:00,14,19,35,0,110,0,0,0,222,63,26.2,1011.41,0,0
410,CILEGON_PCI,2022-09-04 03:30:00,14,19,36,0,109,0,0,0,218,64,26.1,1010.87,0,0
411,CILEGON_PCI,2022-09-04 13:30:00,9,10,21,0,66,1,0,0,226,50,32.6,1009.55,668,0
412,CILEGON_PCI,2022-09-04 00:00:00,4,6,28,0,39,0,0,0,231,63,26.6,1012.7,0,0
413,CILEGON_PCI,2022-09-04 01:30:00,10,12,31,0,83,0,0,0,222,62,26.3,1011.28,0,0
414,CILEGON_PCI,2022-09-04 03:00:00,16,18,38,0,120,0,0,0,218,65,26.1,1011.11,0,0
415,CILEGON_PCI,2022-09-04 11:00:00,13,14,26,0,69,0,0,0,248,55,30.7,1011.24,278,0
416,CILEGON_PCI,2022-09-04 13:30:00,9,10,21,0,66,1,0,0,226,50,32.6,1009.55,668,0
417,CILEGON_PCI,2022-09-04 01:00:00,9,11,24,0,59,0,0,0,334,62,26.3,1012.02,0,0
418,CILEGON_PCI,2022-09-04 02:30:00,12,16,34,0,117,0,0,0,222,64,26.1,1011.24,0,0
419,CILEGON_PCI,2022-09-04 10:30:00,12,14,26,0,80,0,0,0,230,54,30.8,1011.58,178,0
420,CILEGON_PCI,2022-09-04 11:00:00,13,14,26,0,69,0,0,0,248,55,30.7,1011.24,278,0
421,CILEGON_PCI,2022-09-04 00:30:00,7,9,25,0,108,0,0,0,272,63,26.4,1012.5,0,0
422,CILEGON_PCI,2022-09-04 02:00:00,14,19,35,0,110,0,0,0,222,63,26.2,1011.41,0,0
423,CILEGON_PCI,2022-09-04 09:30:00,10,12,30,0,80,0,0,0,311,54,30.6,1012.5,248,0
424,CILEGON_PCI,2022-09-04 10:30:00,12,14,26,0,80,0,0,0,230,54,30.8,1011.58,178,0
425,CILEGON_PCI,2022-09-04 00:00:00,4,6,28,0,39,0,0,0,231,63,26.6,1012.7,0,0
426,CILEGON_PCI,2022-09-04 01:30:00,10,12,31,0,83,0,0,0,222,62,26.3,1011.28,0,0
427,CILEGON_PCI,2022-09-04 09:00:00,8,11,37,0,83,0,0,0,239,56,29.7,1012.7,243,0
428,CILEGON_PCI,2022-09-04 09:30:00,10,12,30,0,80,0,0,0,311,54,30.6,1012.5,248,0
429,CILEGON_PCI,2022-09-04 01:00:00,9,11,24,0,59,0,0,0,334,62,26.3,1012.02,0,0
430,CILEGON_PCI,2022-09-04 08:30:00,10,12,30,0,85,0,0,0,147,56,29.5,1012.94,171,0
431,CILEGON_PCI,2022-09-04 09:00:00,8,11,37,0,83,0,0,0,239,56,29.7,1012.7,243,0
432,CILEGON_PCI,2022-09-04 00:30:00,7,9,25,0,108,0,0,0,272,63,26.4,1012.5,0,0
433,CILEGON_PCI,2022-09-04 08:30:00,10,12,30,0,85,0,0,0,147,56,29.5,1012.94,171,0
434,CILEGON_PCI,2022-09-04 07:30:00,15,17,24,0,79,0,0,0,216,61,28.2,1012.84,248,0
435,CILEGON_PCI,2022-09-04 07:30:00,15,17,24,0,79,0,0,0,216,61,28.2,1012.84,248,0
436,CILEGON_PCI,2022-09-04 06:30:00,9,11,32,0,86,5,0,0,218,66,25.9,1012.16,49,0
437,CILEGON_PCI,2022-09-04 00:00:00,4,6,28,0,39,0,0,0,231,63,26.6,1012.7,0,0
438,CILEGON_PCI,2022-09-04 06:30:00,9,11,32,0,86,5,0,0,218,66,25.9,1012.16,49,0
439,CILEGON_PCI,2022-09-04 06:00:00,8,9,34,0,85,3,0,0,218,67,25.6,1011.62,0,0
440,CILEGON_PCI,2022-09-04 06:00:00,8,9,34,0,85,3,0,0,218,67,25.6,1011.62,0,0
441,CILEGON_PCI,2022-09-04 05:00:00,9,11,33,0,92,2,0,0,214,66,25.8,1011.11,0,0
442,CILEGON_PCI,2022-09-04 05:00:00,9,11,33,0,92,2,0,0,214,66,25.8,1011.11,0,0
443,CILEGON_PCI,2022-09-04 04:30:00,9,9,36,0,99,2,0,0,216,65,26,1010.77,0,0
444,CILEGON_PCI,2022-09-04 04:30:00,9,9,36,0,99,2,0,0,216,65,26,1010.77,0,0
445,CILEGON_PCI,2022-09-04 04:00:00,9,11,32,0,106,0,0,0,216,65,26.1,1010.84,0,0
446,CILEGON_PCI,2022-09-04 04:00:00,9,11,32,0,106,0,0,0,216,65,26.1,1010.84,0,0
447,CILEGON_PCI,2022-09-04 03:30:00,14,19,36,0,109,0,0,0,218,64,26.1,1010.87,0,0
448,CILEGON_PCI,2022-09-04 03:00:00,16,18,38,0,120,0,0,0,218,65,26.1,1011.11,0,0
449,CILEGON_PCI,2022-09-04 13:30:00,9,10,21,0,66,1,0,0,226,50,32.6,1009.55,668,0
450,CILEGON_PCI,2022-09-04 02:30:00,12,16,34,0,117,0,0,0,222,64,26.1,1011.24,0,0
451,CILEGON_PCI,2022-09-04 11:00:00,13,14,26,0,69,0,0,0,248,55,30.7,1011.24,278,0
452,CILEGON_PCI,2022-09-04 10:30:00,12,14,26,0,80,0,0,0,230,54,30.8,1011.58,178,0
